<BackupInst xmlns="http://www.microsoft.com/GroupPolicy/GPOOperations/Manifest"><GPOGuid><![CDATA[{1D25A2F9-BC93-4769-9C70-9D2BAACE35ED}]]></GPOGuid><GPODomain><![CDATA[security.local]]></GPODomain><GPODomainGuid><![CDATA[{2b127034-e676-4f54-b03a-e700e3004cb0}]]></GPODomainGuid><GPODomainController><![CDATA[GPOSrv2016.security.local]]></GPODomainController><BackupTime><![CDATA[2024-03-12T14:14:27]]></BackupTime><ID><![CDATA[{56A14FED-A6B6-4055-954D-C818C47A9E6A}]]></ID><Comment><![CDATA[]]></Comment><GPODisplayName><![CDATA[DoD WinSvr 2019 MS STIG User v2r9]]></GPODisplayName></BackupInst>
