<Backups xmlns="http://www.microsoft.com/GroupPolicy/GPOOperations/Manifest" xmlns:mfst="http://www.microsoft.com/GroupPolicy/GPOOperations/Manifest" mfst:version="1.0"><BackupInst><GPOGuid><![CDATA[{7E3677C9-CA62-4E4E-B311-A54CA847F4FA}]]></GPOGuid><GPODomain><![CDATA[security.local]]></GPODomain><GPODomainGuid><![CDATA[{2b127034-e676-4f54-b03a-e700e3004cb0}]]></GPODomainGuid><GPODomainController><![CDATA[GPOSrv2016.security.local]]></GPODomainController><BackupTime><![CDATA[2024-03-07T21:20:43]]></BackupTime><ID><![CDATA[{C3587229-48B9-42DD-BBB4-68618AA8485C}]]></ID><Comment><![CDATA[]]></Comment><GPODisplayName><![CDATA[Local Policy DoD WinSvr 2019 MS STIG User v2r9]]></GPODisplayName></BackupInst><BackupInst><GPOGuid><![CDATA[{2F737EF0-FE84-46BC-8F28-15E636A2CE4C}]]></GPOGuid><GPODomain><![CDATA[security.local]]></GPODomain><GPODomainGuid><![CDATA[{2b127034-e676-4f54-b03a-e700e3004cb0}]]></GPODomainGuid><GPODomainController><![CDATA[GPOSrv2016.security.local]]></GPODomainController><BackupTime><![CDATA[2024-03-07T21:20:33]]></BackupTime><ID><![CDATA[{45768F4D-0A8A-41BE-BC6D-129EEF2933C5}]]></ID><Comment><![CDATA[]]></Comment><GPODisplayName><![CDATA[Local Policy DoD WinSvr 2019 MS STIG Comp v2r9]]></GPODisplayName></BackupInst></Backups>