<Backups xmlns="http://www.microsoft.com/GroupPolicy/GPOOperations/Manifest" xmlns:mfst="http://www.microsoft.com/GroupPolicy/GPOOperations/Manifest" mfst:version="1.0"><BackupInst><GPOGuid><![CDATA[{368F01DD-773D-44F3-BA5A-114A5F1C3D90}]]></GPOGuid><GPODomain><![CDATA[security.local]]></GPODomain><GPODomainGuid><![CDATA[{2b127034-e676-4f54-b03a-e700e3004cb0}]]></GPODomainGuid><GPODomainController><![CDATA[GPOSrv2016.security.local]]></GPODomainController><BackupTime><![CDATA[2024-03-07T21:37:12]]></BackupTime><ID><![CDATA[{8E73886D-FCEC-400C-B438-BDEA23CD244F}]]></ID><Comment><![CDATA[]]></Comment><GPODisplayName><![CDATA[DoD Windows 11 User STIG v1r6]]></GPODisplayName></BackupInst><BackupInst><GPOGuid><![CDATA[{EA5E77FB-29CA-4FCB-972B-2EBD15272B06}]]></GPOGuid><GPODomain><![CDATA[security.local]]></GPODomain><GPODomainGuid><![CDATA[{2b127034-e676-4f54-b03a-e700e3004cb0}]]></GPODomainGuid><GPODomainController><![CDATA[GPOSrv2016.security.local]]></GPODomainController><BackupTime><![CDATA[2024-03-07T21:36:46]]></BackupTime><ID><![CDATA[{E4958997-19BA-4A6C-B100-E616F8698A3F}]]></ID><Comment><![CDATA[]]></Comment><GPODisplayName><![CDATA[DoD Windows 11 Computer STIG v1r6]]></GPODisplayName></BackupInst></Backups>