<BackupInst xmlns="http://www.microsoft.com/GroupPolicy/GPOOperations/Manifest"><GPOGuid><![CDATA[{067240BC-20E5-48EF-A557-2AA7E6BC2346}]]></GPOGuid><GPODomain><![CDATA[security.local]]></GPODomain><GPODomainGuid><![CDATA[{2b127034-e676-4f54-b03a-e700e3004cb0}]]></GPODomainGuid><GPODomainController><![CDATA[GPOSrv2016.security.local]]></GPODomainController><BackupTime><![CDATA[2024-03-07T21:30:24]]></BackupTime><ID><![CDATA[{0D2E37EF-E9FA-44E2-BCE0-7A585C9285F4}]]></ID><Comment><![CDATA[]]></Comment><GPODisplayName><![CDATA[Local Policy DoD WinSvr 2016 MS STIG User v2r8]]></GPODisplayName></BackupInst>
