<BackupInst xmlns="http://www.microsoft.com/GroupPolicy/GPOOperations/Manifest"><GPOGuid><![CDATA[{21D412B3-AD8F-49A5-A693-9CFE0F3006F5}]]></GPOGuid><GPODomain><![CDATA[security.local]]></GPODomain><GPODomainGuid><![CDATA[{2b127034-e676-4f54-b03a-e700e3004cb0}]]></GPODomainGuid><GPODomainController><![CDATA[GPOSrv2016.security.local]]></GPODomainController><BackupTime><![CDATA[2024-03-07T21:05:24]]></BackupTime><ID><![CDATA[{430C3021-C6B0-4453-A02A-4FF92B0ED678}]]></ID><Comment><![CDATA[]]></Comment><GPODisplayName><![CDATA[DoD Excel 2016 STIG User v2r1]]></GPODisplayName></BackupInst>
