GPOName,Path
DoD Excel 2016 STIG User v2r1,C:\Mar 24 DISA STIG GPO Package 0322\DoD Office System 2016 and Components\GPOs
DoD Office System 2016 STIG Computer v2r3,C:\Mar 24 DISA STIG GPO Package 0322\DoD Office System 2016 and Components\GPOs
DoD Office System 2016 STIG User v2r3,C:\Mar 24 DISA STIG GPO Package 0322\DoD Office System 2016 and Components\GPOs
DoD Windows 10 STIG Computer v2r9,C:\Mar 24 DISA STIG GPO Package 0322\DoD Windows 10 v2r9\GPOs
DoD Windows 10 STIG User v2r9,C:\Mar 24 DISA STIG GPO Package 0322\DoD Windows 10 v2r9\GPOs
DoD WinSvr 2016 DC STIG Comp v2r8,C:\Mar 24 DISA STIG GPO Package 0322\DoD WinSvr 2016 MS and DC v2r8\GPOs
DoD WinSvr 2016 DC STIG User v2r8,C:\Mar 24 DISA STIG GPO Package 0322\DoD WinSvr 2016 MS and DC v2r8\GPOs
DoD WinSvr 2016 MS STIG Comp v2r8,C:\Mar 24 DISA STIG GPO Package 0322\DoD WinSvr 2016 MS and DC v2r8\GPOs
DoD WinSvr 2016 MS STIG User v2r8,C:\Mar 24 DISA STIG GPO Package 0322\DoD WinSvr 2016 MS and DC v2r8\GPOs
DoD WinSvr 2019 DC STIG Comp v2r9,C:\Mar 24 DISA STIG GPO Package 0322\DoD WinSvr 2019 MS and DC v2r9\GPOs
DoD WinSvr 2019 DC STIG User v2r9,C:\Mar 24 DISA STIG GPO Package 0322\DoD WinSvr 2019 MS and DC v2r9\GPOs
DoD WinSvr 2019 MS STIG Comp v2r9,C:\Mar 24 DISA STIG GPO Package 0322\DoD WinSvr 2019 MS and DC v2r9\GPOs
DoD WinSvr 2019 MS STIG User v2r9,C:\Mar 24 DISA STIG GPO Package 0322\DoD WinSvr 2019 MS and DC v2r9\GPOs
DoD Office 2019-M365 Apps STIG Comp v2r12,C:\Mar 24 DISA STIG GPO Package 0322\DoD Office 2019-M365 Apps v2r12\GPOs
DoD Office 2019-M365 Apps STIG User v2r12,C:\Mar 24 DISA STIG GPO Package 0322\DoD Office 2019-M365 Apps v2r12\GPOs
DoD Microsoft Edge STIG Computer v1r8,C:\Mar 24 DISA STIG GPO Package 0322\DoD Microsoft Edge v1r8\GPOs
DoD Windows 11 Computer STIG v1r6,C:\Mar 24 DISA STIG GPO Package 0322\DoD Windows 11 v1r6\GPOs
DoD Windows 11 User STIG v1r6,C:\Mar 24 DISA STIG GPO Package 0322\DoD Windows 11 v1r6\GPOs
DoD WinSvr 2022 MS STIG Comp v1r5,C:\Mar 24 DISA STIG GPO Package 0322\DoD WinSvr 2022 MS and DC v1r5\GPOs
DoD WinSvr 2022 DC STIG Comp v1r5,C:\Mar 24 DISA STIG GPO Package 0322\DoD WinSvr 2022 MS and DC v1r5\GPOs