<Backups xmlns="http://www.microsoft.com/GroupPolicy/GPOOperations/Manifest" xmlns:mfst="http://www.microsoft.com/GroupPolicy/GPOOperations/Manifest" mfst:version="1.0"><BackupInst><GPOGuid><![CDATA[{47668486-A26B-4A50-A81A-9D6FA102249B}]]></GPOGuid><GPODomain><![CDATA[security.local]]></GPODomain><GPODomainGuid><![CDATA[{2b127034-e676-4f54-b03a-e700e3004cb0}]]></GPODomainGuid><GPODomainController><![CDATA[GPOSrv2016.security.local]]></GPODomainController><BackupTime><![CDATA[2024-03-07T21:30:22]]></BackupTime><ID><![CDATA[{68F4243B-AE59-496D-9CBC-30DA46905163}]]></ID><Comment><![CDATA[]]></Comment><GPODisplayName><![CDATA[DoD WinSvr 2016 MS STIG User v2r8]]></GPODisplayName></BackupInst><BackupInst><GPOGuid><![CDATA[{25F6438F-A7FD-42D1-AB48-AF18943EA1DD}]]></GPOGuid><GPODomain><![CDATA[security.local]]></GPODomain><GPODomainGuid><![CDATA[{2b127034-e676-4f54-b03a-e700e3004cb0}]]></GPODomainGuid><GPODomainController><![CDATA[GPOSrv2016.security.local]]></GPODomainController><BackupTime><![CDATA[2024-03-07T21:30:20]]></BackupTime><ID><![CDATA[{C4EE5A31-B157-447C-A24E-5769FA117351}]]></ID><Comment><![CDATA[]]></Comment><GPODisplayName><![CDATA[DoD WinSvr 2016 MS STIG Comp v2r8]]></GPODisplayName></BackupInst><BackupInst><GPOGuid><![CDATA[{349C8641-650C-4D7D-9B79-F777E4B81847}]]></GPOGuid><GPODomain><![CDATA[security.local]]></GPODomain><GPODomainGuid><![CDATA[{2b127034-e676-4f54-b03a-e700e3004cb0}]]></GPODomainGuid><GPODomainController><![CDATA[GPOSrv2016.security.local]]></GPODomainController><BackupTime><![CDATA[2024-03-07T21:30:18]]></BackupTime><ID><![CDATA[{7219E44B-D850-4256-B0BD-20B0D049950E}]]></ID><Comment><![CDATA[]]></Comment><GPODisplayName><![CDATA[DoD WinSvr 2016 DC STIG User v2r8]]></GPODisplayName></BackupInst><BackupInst><GPOGuid><![CDATA[{346ABA2A-8942-4C19-BABB-2B6C071A7472}]]></GPOGuid><GPODomain><![CDATA[security.local]]></GPODomain><GPODomainGuid><![CDATA[{2b127034-e676-4f54-b03a-e700e3004cb0}]]></GPODomainGuid><GPODomainController><![CDATA[GPOSrv2016.security.local]]></GPODomainController><BackupTime><![CDATA[2024-03-07T21:29:50]]></BackupTime><ID><![CDATA[{0C9D17EF-7408-4ADD-A434-FA053EE2E36B}]]></ID><Comment><![CDATA[]]></Comment><GPODisplayName><![CDATA[DoD WinSvr 2016 DC STIG Comp v2r8]]></GPODisplayName></BackupInst></Backups>