<Backups xmlns="http://www.microsoft.com/GroupPolicy/GPOOperations/Manifest" xmlns:mfst="http://www.microsoft.com/GroupPolicy/GPOOperations/Manifest" mfst:version="1.0"><BackupInst><GPOGuid><![CDATA[{1D25A2F9-BC93-4769-9C70-9D2BAACE35ED}]]></GPOGuid><GPODomain><![CDATA[security.local]]></GPODomain><GPODomainGuid><![CDATA[{2b127034-e676-4f54-b03a-e700e3004cb0}]]></GPODomainGuid><GPODomainController><![CDATA[GPOSrv2016.security.local]]></GPODomainController><BackupTime><![CDATA[2024-03-12T14:14:27]]></BackupTime><ID><![CDATA[{56A14FED-A6B6-4055-954D-C818C47A9E6A}]]></ID><Comment><![CDATA[]]></Comment><GPODisplayName><![CDATA[DoD WinSvr 2019 MS STIG User v2r9]]></GPODisplayName></BackupInst><BackupInst><GPOGuid><![CDATA[{CB274B98-FFEF-4072-A0D6-00A345F284C3}]]></GPOGuid><GPODomain><![CDATA[security.local]]></GPODomain><GPODomainGuid><![CDATA[{2b127034-e676-4f54-b03a-e700e3004cb0}]]></GPODomainGuid><GPODomainController><![CDATA[GPOSrv2016.security.local]]></GPODomainController><BackupTime><![CDATA[2024-03-07T21:04:05]]></BackupTime><ID><![CDATA[{74203CAC-083C-483A-B4E5-EA94FAA3BF02}]]></ID><Comment><![CDATA[]]></Comment><GPODisplayName><![CDATA[DoD WinSvr 2019 MS STIG Comp v2r9]]></GPODisplayName></BackupInst><BackupInst><GPOGuid><![CDATA[{80282D78-BCD4-4D48-94C7-5AFCDA3B8B1B}]]></GPOGuid><GPODomain><![CDATA[security.local]]></GPODomain><GPODomainGuid><![CDATA[{2b127034-e676-4f54-b03a-e700e3004cb0}]]></GPODomainGuid><GPODomainController><![CDATA[GPOSrv2016.security.local]]></GPODomainController><BackupTime><![CDATA[2024-03-07T21:04:04]]></BackupTime><ID><![CDATA[{8168FBA7-E07E-4A9B-B88A-098524C58CB6}]]></ID><Comment><![CDATA[]]></Comment><GPODisplayName><![CDATA[DoD WinSvr 2019 DC STIG User v2r9]]></GPODisplayName></BackupInst><BackupInst><GPOGuid><![CDATA[{7BBCAE61-4592-44C6-93EE-F21DD6624598}]]></GPOGuid><GPODomain><![CDATA[security.local]]></GPODomain><GPODomainGuid><![CDATA[{2b127034-e676-4f54-b03a-e700e3004cb0}]]></GPODomainGuid><GPODomainController><![CDATA[GPOSrv2016.security.local]]></GPODomainController><BackupTime><![CDATA[2024-03-07T21:03:52]]></BackupTime><ID><![CDATA[{B5A4916B-B9C7-469C-B49C-84F4BF2A1697}]]></ID><Comment><![CDATA[]]></Comment><GPODisplayName><![CDATA[DoD WinSvr 2019 DC STIG Comp v2r9]]></GPODisplayName></BackupInst></Backups>