<Backups xmlns="http://www.microsoft.com/GroupPolicy/GPOOperations/Manifest" xmlns:mfst="http://www.microsoft.com/GroupPolicy/GPOOperations/Manifest" mfst:version="1.0"><BackupInst><GPOGuid><![CDATA[{C58E03D0-85DC-4FB2-95DF-026CE7F6441D}]]></GPOGuid><GPODomain><![CDATA[security.local]]></GPODomain><GPODomainGuid><![CDATA[{2b127034-e676-4f54-b03a-e700e3004cb0}]]></GPODomainGuid><GPODomainController><![CDATA[GPOSrv2016.security.local]]></GPODomainController><BackupTime><![CDATA[2024-03-07T21:05:30]]></BackupTime><ID><![CDATA[{CBA4DCE2-CD6A-4F0B-B798-9C5A72177BDA}]]></ID><Comment><![CDATA[]]></Comment><GPODisplayName><![CDATA[DoD Word 2016 STIG User v1r1]]></GPODisplayName></BackupInst><BackupInst><GPOGuid><![CDATA[{2A8F54DE-05C3-4F4B-A9A4-985C132CBF21}]]></GPOGuid><GPODomain><![CDATA[security.local]]></GPODomain><GPODomainGuid><![CDATA[{2b127034-e676-4f54-b03a-e700e3004cb0}]]></GPODomainGuid><GPODomainController><![CDATA[GPOSrv2016.security.local]]></GPODomainController><BackupTime><![CDATA[2024-03-07T21:05:29]]></BackupTime><ID><![CDATA[{0FACBA05-DB68-4984-8CDE-3D1447118502}]]></ID><Comment><![CDATA[]]></Comment><GPODisplayName><![CDATA[DoD Visio 2016 STIG User v1r1]]></GPODisplayName></BackupInst><BackupInst><GPOGuid><![CDATA[{DC71D6EF-EC99-46F9-BDCC-A77AFFF1D1C1}]]></GPOGuid><GPODomain><![CDATA[security.local]]></GPODomain><GPODomainGuid><![CDATA[{2b127034-e676-4f54-b03a-e700e3004cb0}]]></GPODomainGuid><GPODomainController><![CDATA[GPOSrv2016.security.local]]></GPODomainController><BackupTime><![CDATA[2024-03-07T21:05:29]]></BackupTime><ID><![CDATA[{95BB3DB9-6F3B-4AE6-9221-B8086DAFC0E7}]]></ID><Comment><![CDATA[]]></Comment><GPODisplayName><![CDATA[DoD Skype for Business 2016 STIG Computer v1r1]]></GPODisplayName></BackupInst><BackupInst><GPOGuid><![CDATA[{ECFE51DA-01D1-4434-A0CF-975F3546A110}]]></GPOGuid><GPODomain><![CDATA[security.local]]></GPODomain><GPODomainGuid><![CDATA[{2b127034-e676-4f54-b03a-e700e3004cb0}]]></GPODomainGuid><GPODomainController><![CDATA[GPOSrv2016.security.local]]></GPODomainController><BackupTime><![CDATA[2024-03-07T21:05:28]]></BackupTime><ID><![CDATA[{91FEF13D-75D6-4854-8504-8AC10DFC9BAA}]]></ID><Comment><![CDATA[]]></Comment><GPODisplayName><![CDATA[DoD Publisher 2016 STIG User v1r3]]></GPODisplayName></BackupInst><BackupInst><GPOGuid><![CDATA[{7BBD0F1A-396F-4034-875E-41E9D6E7E990}]]></GPOGuid><GPODomain><![CDATA[security.local]]></GPODomain><GPODomainGuid><![CDATA[{2b127034-e676-4f54-b03a-e700e3004cb0}]]></GPODomainGuid><GPODomainController><![CDATA[GPOSrv2016.security.local]]></GPODomainController><BackupTime><![CDATA[2024-03-07T21:05:28]]></BackupTime><ID><![CDATA[{36DD2B93-0FD1-438C-8274-1A657582227C}]]></ID><Comment><![CDATA[]]></Comment><GPODisplayName><![CDATA[DoD Project 2016 STIG User v1r1]]></GPODisplayName></BackupInst><BackupInst><GPOGuid><![CDATA[{1FB6FD09-7BD0-420D-8769-DDD861434DD2}]]></GPOGuid><GPODomain><![CDATA[security.local]]></GPODomain><GPODomainGuid><![CDATA[{2b127034-e676-4f54-b03a-e700e3004cb0}]]></GPODomainGuid><GPODomainController><![CDATA[GPOSrv2016.security.local]]></GPODomainController><BackupTime><![CDATA[2024-03-07T21:05:27]]></BackupTime><ID><![CDATA[{8A2E5727-2BBC-4BA6-9FD3-77767FB411FC}]]></ID><Comment><![CDATA[]]></Comment><GPODisplayName><![CDATA[DoD PowerPoint 2016 STIG User v1r1]]></GPODisplayName></BackupInst><BackupInst><GPOGuid><![CDATA[{C4BEAF29-E2D7-4B90-AF5A-9755A1CAA222}]]></GPOGuid><GPODomain><![CDATA[security.local]]></GPODomain><GPODomainGuid><![CDATA[{2b127034-e676-4f54-b03a-e700e3004cb0}]]></GPODomainGuid><GPODomainController><![CDATA[GPOSrv2016.security.local]]></GPODomainController><BackupTime><![CDATA[2024-03-07T21:05:26]]></BackupTime><ID><![CDATA[{4E4157A5-BBF7-400C-9F9F-88DA6C33B793}]]></ID><Comment><![CDATA[]]></Comment><GPODisplayName><![CDATA[DoD Outlook 2016 STIG User v2r3]]></GPODisplayName></BackupInst><BackupInst><GPOGuid><![CDATA[{F504903E-2957-4A62-87ED-7A994DB468F4}]]></GPOGuid><GPODomain><![CDATA[security.local]]></GPODomain><GPODomainGuid><![CDATA[{2b127034-e676-4f54-b03a-e700e3004cb0}]]></GPODomainGuid><GPODomainController><![CDATA[GPOSrv2016.security.local]]></GPODomainController><BackupTime><![CDATA[2024-03-07T21:05:26]]></BackupTime><ID><![CDATA[{2955B068-8927-493B-9A5D-E83A5891A65E}]]></ID><Comment><![CDATA[]]></Comment><GPODisplayName><![CDATA[DoD OneDrive for Business 2016 STIG User v2r3]]></GPODisplayName></BackupInst><BackupInst><GPOGuid><![CDATA[{48848D64-AE14-43C0-91BE-D95FE8D473E0}]]></GPOGuid><GPODomain><![CDATA[security.local]]></GPODomain><GPODomainGuid><![CDATA[{2b127034-e676-4f54-b03a-e700e3004cb0}]]></GPODomainGuid><GPODomainController><![CDATA[GPOSrv2016.security.local]]></GPODomainController><BackupTime><![CDATA[2024-03-07T21:05:25]]></BackupTime><ID><![CDATA[{DFEA3193-CB3B-435E-9784-B52075CBDEE0}]]></ID><Comment><![CDATA[]]></Comment><GPODisplayName><![CDATA[DoD OneDrive for Business 2016 STIG Computer v2r3]]></GPODisplayName></BackupInst><BackupInst><GPOGuid><![CDATA[{9128AC1B-FD9A-4B03-9FC8-B15B8A481C81}]]></GPOGuid><GPODomain><![CDATA[security.local]]></GPODomain><GPODomainGuid><![CDATA[{2b127034-e676-4f54-b03a-e700e3004cb0}]]></GPODomainGuid><GPODomainController><![CDATA[GPOSrv2016.security.local]]></GPODomainController><BackupTime><![CDATA[2024-03-07T21:05:25]]></BackupTime><ID><![CDATA[{6815B464-7A95-41EF-9D76-5114E321B32D}]]></ID><Comment><![CDATA[]]></Comment><GPODisplayName><![CDATA[DoD Office System 2016 STIG User v2r3]]></GPODisplayName></BackupInst><BackupInst><GPOGuid><![CDATA[{78644CFF-05A3-4F67-9A50-EB8B4C294EBB}]]></GPOGuid><GPODomain><![CDATA[security.local]]></GPODomain><GPODomainGuid><![CDATA[{2b127034-e676-4f54-b03a-e700e3004cb0}]]></GPODomainGuid><GPODomainController><![CDATA[GPOSrv2016.security.local]]></GPODomainController><BackupTime><![CDATA[2024-03-07T21:05:24]]></BackupTime><ID><![CDATA[{69284278-C218-480E-A9BD-83E72D0A97E8}]]></ID><Comment><![CDATA[]]></Comment><GPODisplayName><![CDATA[DoD Office System 2016 STIG Computer v2r3]]></GPODisplayName></BackupInst><BackupInst><GPOGuid><![CDATA[{21D412B3-AD8F-49A5-A693-9CFE0F3006F5}]]></GPOGuid><GPODomain><![CDATA[security.local]]></GPODomain><GPODomainGuid><![CDATA[{2b127034-e676-4f54-b03a-e700e3004cb0}]]></GPODomainGuid><GPODomainController><![CDATA[GPOSrv2016.security.local]]></GPODomainController><BackupTime><![CDATA[2024-03-07T21:05:24]]></BackupTime><ID><![CDATA[{430C3021-C6B0-4453-A02A-4FF92B0ED678}]]></ID><Comment><![CDATA[]]></Comment><GPODisplayName><![CDATA[DoD Excel 2016 STIG User v2r1]]></GPODisplayName></BackupInst><BackupInst><GPOGuid><![CDATA[{94D8A0EF-5130-43A8-A530-15329370DB78}]]></GPOGuid><GPODomain><![CDATA[security.local]]></GPODomain><GPODomainGuid><![CDATA[{2b127034-e676-4f54-b03a-e700e3004cb0}]]></GPODomainGuid><GPODomainController><![CDATA[GPOSrv2016.security.local]]></GPODomainController><BackupTime><![CDATA[2024-03-07T21:05:23]]></BackupTime><ID><![CDATA[{58F77F19-54BE-497F-BA99-C8413ABCA9EB}]]></ID><Comment><![CDATA[]]></Comment><GPODisplayName><![CDATA[DoD Access 2016 STIG User v1r1]]></GPODisplayName></BackupInst><BackupInst><GPOGuid><![CDATA[{F504903E-2957-4A62-87ED-7A994DB468F4}]]></GPOGuid><GPODomain><![CDATA[security.local]]></GPODomain><GPODomainGuid><![CDATA[{2b127034-e676-4f54-b03a-e700e3004cb0}]]></GPODomainGuid><GPODomainController><![CDATA[GPOSrv2016.security.local]]></GPODomainController><BackupTime><![CDATA[2024-03-07T21:05:23]]></BackupTime><ID><![CDATA[{050155CC-49A2-448F-BDDA-568412EA1CDB}]]></ID><Comment><![CDATA[]]></Comment><GPODisplayName><![CDATA[DoD OneDrive for Business 2016 STIG User v2r3]]></GPODisplayName></BackupInst><BackupInst><GPOGuid><![CDATA[{48848D64-AE14-43C0-91BE-D95FE8D473E0}]]></GPOGuid><GPODomain><![CDATA[security.local]]></GPODomain><GPODomainGuid><![CDATA[{2b127034-e676-4f54-b03a-e700e3004cb0}]]></GPODomainGuid><GPODomainController><![CDATA[GPOSrv2016.security.local]]></GPODomainController><BackupTime><![CDATA[2024-03-07T21:05:22]]></BackupTime><ID><![CDATA[{01E9D6CA-BE4C-40E8-A1AD-7A20559C58ED}]]></ID><Comment><![CDATA[]]></Comment><GPODisplayName><![CDATA[DoD OneDrive for Business 2016 STIG Computer v2r3]]></GPODisplayName></BackupInst></Backups>