<Backups xmlns="http://www.microsoft.com/GroupPolicy/GPOOperations/Manifest" xmlns:mfst="http://www.microsoft.com/GroupPolicy/GPOOperations/Manifest" mfst:version="1.0"><BackupInst><GPOGuid><![CDATA[{8EC20C40-5090-4121-AAD3-529BCE267E28}]]></GPOGuid><GPODomain><![CDATA[security.local]]></GPODomain><GPODomainGuid><![CDATA[{2b127034-e676-4f54-b03a-e700e3004cb0}]]></GPODomainGuid><GPODomainController><![CDATA[GPOSrv2016.security.local]]></GPODomainController><BackupTime><![CDATA[2024-03-07T21:37:17]]></BackupTime><ID><![CDATA[{76124FFE-E32F-4A43-9096-D980F3428BE9}]]></ID><Comment><![CDATA[]]></Comment><GPODisplayName><![CDATA[Local Policy DoD Windows 11 User STIG v1r6]]></GPODisplayName></BackupInst><BackupInst><GPOGuid><![CDATA[{8959CAAB-67D7-4694-9CA1-829DC5F8F406}]]></GPOGuid><GPODomain><![CDATA[security.local]]></GPODomain><GPODomainGuid><![CDATA[{2b127034-e676-4f54-b03a-e700e3004cb0}]]></GPODomainGuid><GPODomainController><![CDATA[GPOSrv2016.security.local]]></GPODomainController><BackupTime><![CDATA[2024-03-07T21:37:14]]></BackupTime><ID><![CDATA[{E8FF8DEF-A924-45D9-979E-157926B69A48}]]></ID><Comment><![CDATA[]]></Comment><GPODisplayName><![CDATA[Local Policy DoD Windows 11 Computer STIG v1r6]]></GPODisplayName></BackupInst><BackupInst><GPOGuid><![CDATA[{8FF85CF9-3C62-4D77-B2F6-DF1C101D0466}]]></GPOGuid><GPODomain><![CDATA[security.local]]></GPODomain><GPODomainGuid><![CDATA[{2b127034-e676-4f54-b03a-e700e3004cb0}]]></GPODomainGuid><GPODomainController><![CDATA[GPOSrv2016.security.local]]></GPODomainController><BackupTime><![CDATA[2023-09-11T15:17:16]]></BackupTime><ID><![CDATA[{F9A827A4-AEAB-4CA4-9CEE-DF46CD290A85}]]></ID><Comment><![CDATA[]]></Comment><GPODisplayName><![CDATA[Local Policy DoD Windows 11 User STIG v1r5]]></GPODisplayName></BackupInst><BackupInst><GPOGuid><![CDATA[{BDEF9D72-0D8D-4D02-9422-A9F3CF74ED52}]]></GPOGuid><GPODomain><![CDATA[security.local]]></GPODomain><GPODomainGuid><![CDATA[{2b127034-e676-4f54-b03a-e700e3004cb0}]]></GPODomainGuid><GPODomainController><![CDATA[GPOSrv2016.security.local]]></GPODomainController><BackupTime><![CDATA[2023-09-11T15:16:55]]></BackupTime><ID><![CDATA[{9E13DDB2-91FF-4BE3-A587-69C16F3457FF}]]></ID><Comment><![CDATA[]]></Comment><GPODisplayName><![CDATA[Local Policy DoD Windows 11 Computer STIG v1r5]]></GPODisplayName></BackupInst></Backups>