<BackupInst xmlns="http://www.microsoft.com/GroupPolicy/GPOOperations/Manifest"><GPOGuid><![CDATA[{80282D78-BCD4-4D48-94C7-5AFCDA3B8B1B}]]></GPOGuid><GPODomain><![CDATA[security.local]]></GPODomain><GPODomainGuid><![CDATA[{2b127034-e676-4f54-b03a-e700e3004cb0}]]></GPODomainGuid><GPODomainController><![CDATA[GPOSrv2016.security.local]]></GPODomainController><BackupTime><![CDATA[2024-03-07T21:04:04]]></BackupTime><ID><![CDATA[{8168FBA7-E07E-4A9B-B88A-098524C58CB6}]]></ID><Comment><![CDATA[]]></Comment><GPODisplayName><![CDATA[DoD WinSvr 2019 DC STIG User v2r9]]></GPODisplayName></BackupInst>
