<Backups xmlns="http://www.microsoft.com/GroupPolicy/GPOOperations/Manifest" xmlns:mfst="http://www.microsoft.com/GroupPolicy/GPOOperations/Manifest" mfst:version="1.0"><BackupInst><GPOGuid><![CDATA[{9581EC7E-B15C-4C71-AA80-05D652004C1F}]]></GPOGuid><GPODomain><![CDATA[security.local]]></GPODomain><GPODomainGuid><![CDATA[{2b127034-e676-4f54-b03a-e700e3004cb0}]]></GPODomainGuid><GPODomainController><![CDATA[GPOSrv2016.security.local]]></GPODomainController><BackupTime><![CDATA[2024-03-07T21:26:03]]></BackupTime><ID><![CDATA[{4DF940F5-75CB-4140-8499-BFAC8C4442BA}]]></ID><Comment><![CDATA[]]></Comment><GPODisplayName><![CDATA[DoD WinSvr 2022 DC STIG Comp v1r5]]></GPODisplayName></BackupInst><BackupInst><GPOGuid><![CDATA[{E594B58F-55B1-4779-8661-32F9D44F384C}]]></GPOGuid><GPODomain><![CDATA[security.local]]></GPODomain><GPODomainGuid><![CDATA[{2b127034-e676-4f54-b03a-e700e3004cb0}]]></GPODomainGuid><GPODomainController><![CDATA[GPOSrv2016.security.local]]></GPODomainController><BackupTime><![CDATA[2024-03-07T21:24:58]]></BackupTime><ID><![CDATA[{1839CD5B-0C1B-492C-820C-768736E51E8A}]]></ID><Comment><![CDATA[]]></Comment><GPODisplayName><![CDATA[DoD WinSvr 2022 MS STIG Comp v1r5]]></GPODisplayName></BackupInst></Backups>