<Backups xmlns="http://www.microsoft.com/GroupPolicy/GPOOperations/Manifest" xmlns:mfst="http://www.microsoft.com/GroupPolicy/GPOOperations/Manifest" mfst:version="1.0"><BackupInst><GPOGuid><![CDATA[{B9768694-9DCE-49AA-ABBA-21D22CE06212}]]></GPOGuid><GPODomain><![CDATA[security.local]]></GPODomain><GPODomainGuid><![CDATA[{2b127034-e676-4f54-b03a-e700e3004cb0}]]></GPODomainGuid><GPODomainController><![CDATA[GPOSrv2016.security.local]]></GPODomainController><BackupTime><![CDATA[2024-03-07T21:40:37]]></BackupTime><ID><![CDATA[{53FA1D18-3615-41EB-B285-ADA8773312FB}]]></ID><Comment><![CDATA[]]></Comment><GPODisplayName><![CDATA[DoD Microsoft Edge STIG Computer v1r8]]></GPODisplayName></BackupInst></Backups>