<BackupInst xmlns="http://www.microsoft.com/GroupPolicy/GPOOperations/Manifest"><GPOGuid><![CDATA[{48848D64-AE14-43C0-91BE-D95FE8D473E0}]]></GPOGuid><GPODomain><![CDATA[security.local]]></GPODomain><GPODomainGuid><![CDATA[{2b127034-e676-4f54-b03a-e700e3004cb0}]]></GPODomainGuid><GPODomainController><![CDATA[GPOSrv2016.security.local]]></GPODomainController><BackupTime><![CDATA[2024-03-07T21:05:22]]></BackupTime><ID><![CDATA[{01E9D6CA-BE4C-40E8-A1AD-7A20559C58ED}]]></ID><Comment><![CDATA[]]></Comment><GPODisplayName><![CDATA[DoD OneDrive for Business 2016 STIG Computer v2r3]]></GPODisplayName></BackupInst>
