<BackupInst xmlns="http://www.microsoft.com/GroupPolicy/GPOOperations/Manifest"><GPOGuid><![CDATA[{DC71D6EF-EC99-46F9-BDCC-A77AFFF1D1C1}]]></GPOGuid><GPODomain><![CDATA[security.local]]></GPODomain><GPODomainGuid><![CDATA[{2b127034-e676-4f54-b03a-e700e3004cb0}]]></GPODomainGuid><GPODomainController><![CDATA[GPOSrv2016.security.local]]></GPODomainController><BackupTime><![CDATA[2024-03-07T21:05:29]]></BackupTime><ID><![CDATA[{95BB3DB9-6F3B-4AE6-9221-B8086DAFC0E7}]]></ID><Comment><![CDATA[]]></Comment><GPODisplayName><![CDATA[DoD Skype for Business 2016 STIG Computer v1r1]]></GPODisplayName></BackupInst>
